author,commits,insertions,deletions,first_commit,last_commit,code_change
shaohuzhang1,925,170282,74681,2023-09-15 09:40:35+00:00,2026-02-09 08:18:39+00:00,244963
wangdan-fit2cloud,786,102408,41039,2023-10-12 08:36:16+00:00,2026-02-09 08:22:46+00:00,143447
CaptainB,578,42648,149790,2024-10-08 09:31:33+00:00,2026-02-11 10:04:07+00:00,192438
wxg0103,450,75628,35171,2024-04-15 06:51:09+00:00,2026-02-04 09:33:15+00:00,110799
liqiang-fit2cloud,174,13511,7728,2023-09-14 02:05:12+00:00,2026-02-12 07:56:12+00:00,21239
zhangzhanwei,137,10531,1980,2025-05-29 10:45:33+00:00,2026-02-11 07:52:10+00:00,12511
maninhill,72,264,183,2024-04-11 06:42:52+00:00,2025-04-10 09:11:50+00:00,447
guqing,11,263,192,2025-02-07 07:42:16+00:00,2025-02-24 09:30:57+00:00,455
tongque,11,1389,452,2024-04-27 09:24:53+00:00,2024-05-18 03:42:40+00:00,1841
王丹,8,1306,606,2024-07-26 10:34:45+00:00,2025-02-07 02:12:36+00:00,1912
baixin,8,17,12,2024-04-19 02:28:09+00:00,2024-12-30 03:05:12+00:00,29
刘瑞斌,7,1240,202,2024-07-02 10:34:30+00:00,2025-02-21 03:00:56+00:00,1442
junjun,6,678,89,2025-03-18 10:27:21+00:00,2025-03-20 08:51:25+00:00,767
wanghe-fit2cloud,6,221,55,2024-04-23 14:57:27+00:00,2024-12-19 02:27:24+00:00,276
Brian Yang,6,605,274,2024-04-22 03:32:35+00:00,2024-05-22 07:45:28+00:00,879
zhangshaohu,4,358,30,2023-12-07 07:21:28+00:00,2024-10-13 12:03:32+00:00,388
wanghe,3,25,17,2024-04-07 15:18:36+00:00,2024-10-30 05:50:41+00:00,42
xuwei-fit2cloud,3,22,9,2024-04-15 07:26:46+00:00,2024-04-15 09:34:49+00:00,31
w940853815,2,28,27,2024-04-15 06:42:49+00:00,2025-02-10 09:29:30+00:00,55
ivy,2,4,24,2025-03-21 14:46:54+00:00,2025-03-24 12:53:46+00:00,28
BugKing,2,12,8,2025-02-10 08:47:40+00:00,2025-02-10 10:40:27+00:00,20
JinTao Chen,2,507,110,2024-04-28 04:43:16+00:00,2024-05-27 05:33:11+00:00,617
evilstar,2,6,5,2024-04-26 10:03:14+00:00,2024-06-11 10:25:12+00:00,11
老广,2,8,1,2024-04-15 06:50:53+00:00,2024-04-17 08:59:11+00:00,9
gcalgoz,2,43,53,2024-07-05 10:14:58+00:00,2024-07-19 09:33:18+00:00,96
wangdan,2,13,4,2024-04-28 10:49:19+00:00,2024-04-28 11:00:30+00:00,17
teukkk,1,4,8,2024-04-16 02:17:19+00:00,2024-04-16 02:17:19+00:00,12
teamclouday,1,1,0,2024-10-09 02:28:41+00:00,2024-10-09 02:28:41+00:00,1
ssongliu,1,1,1,2024-04-15 08:52:41+00:00,2024-04-15 08:52:41+00:00,2
taojinlong,1,1,1,2024-04-15 07:43:37+00:00,2024-04-15 07:43:37+00:00,2
AgAngle,1,1,1,2024-04-15 07:30:44+00:00,2024-04-15 07:30:44+00:00,2
wangyicheng,1,1,0,2025-02-10 09:45:27+00:00,2025-02-10 09:45:27+00:00,1
song-cc-rock,1,2,0,2024-04-15 08:53:18+00:00,2024-04-15 08:53:18+00:00,2
xinxin.wu,1,2,0,2024-04-15 13:59:44+00:00,2024-04-15 13:59:44+00:00,2
zhangliqiang,1,2,1,2024-04-15 06:17:59+00:00,2024-04-15 06:17:59+00:00,3
zhengkunwang223,1,2,2,2024-04-15 07:40:53+00:00,2024-04-15 07:40:53+00:00,4
八千流,1,1,0,2025-02-10 09:57:05+00:00,2025-02-10 09:57:05+00:00,1
吴小白,1,9,0,2025-02-13 08:53:32+00:00,2025-02-13 08:53:32+00:00,9
孺子牛,1,1,1,2024-06-21 02:57:42+00:00,2024-06-21 02:57:42+00:00,2
建国,1,1,1,2024-04-15 06:42:26+00:00,2024-04-15 06:42:26+00:00,2
无故事国国王,1,5,2,2024-04-15 08:52:58+00:00,2024-04-15 08:52:58+00:00,7
王嘉豪,1,0,0,2024-04-15 08:53:07+00:00,2024-04-15 08:53:07+00:00,0
wisonic-s,1,1,1,2024-04-15 07:50:33+00:00,2024-04-15 07:50:33+00:00,2
lan-yonghui,1,1,0,2025-02-10 09:39:51+00:00,2025-02-10 09:39:51+00:00,1
pq,1,12,1,2025-02-20 03:20:28+00:00,2025-02-20 03:20:28+00:00,13
Qiyuan Jiao,1,1,1,2024-11-22 14:03:46+00:00,2024-11-22 14:03:46+00:00,2
Bryan,1,3,2,2024-04-15 10:05:50+00:00,2024-04-15 10:05:50+00:00,5
Camus Cheung,1,1,1,2024-04-15 08:52:27+00:00,2024-04-15 08:52:27+00:00,2
CatpainB,1,4,0,2025-01-03 05:44:59+00:00,2025-01-03 05:44:59+00:00,4
Craftsman,1,5,7,2024-04-15 06:42:39+00:00,2024-04-15 06:42:39+00:00,12
Eric_Lee,1,4,6,2024-04-15 08:53:26+00:00,2024-04-15 08:53:26+00:00,10
Evan,1,2,1,2024-06-27 01:51:14+00:00,2024-06-27 01:51:14+00:00,3
Harry,1,5,5,2025-02-21 02:12:41+00:00,2025-02-21 02:12:41+00:00,10
Henry-Shaw,1,14,2,2024-10-16 06:39:52+00:00,2024-10-16 06:39:52+00:00,16
Ikko Eltociear Ashimine,1,19,19,2024-04-15 02:59:50+00:00,2024-04-15 02:59:50+00:00,38
Joe Stone,1,5,1,2024-04-26 10:05:16+00:00,2024-04-26 10:05:16+00:00,6
MatataYou,1,1,0,2025-02-10 09:24:27+00:00,2025-02-10 09:24:27+00:00,1
Noven Zhen,1,1,13,2025-02-21 02:10:06+00:00,2025-02-21 02:10:06+00:00,14
RatishT,1,17,21,2024-07-02 02:55:26+00:00,2024-07-02 02:55:26+00:00,38
liudonghua,1,10,10,2024-12-26 09:32:18+00:00,2024-12-26 09:32:18+00:00,20
Shixian Sheng,1,1,1,2024-05-14 11:22:46+00:00,2024-05-14 11:22:46+00:00,2
SimonGino,1,164,0,2024-04-18 03:44:13+00:00,2024-04-18 03:44:13+00:00,164
WangXu10,1,2,0,2024-04-15 08:53:35+00:00,2024-04-15 08:53:35+00:00,2
Yang Chen,1,6,6,2025-03-04 11:32:49+00:00,2025-03-04 11:32:49+00:00,12
dataeaseShu,1,0,17,2024-04-15 07:35:27+00:00,2024-04-15 07:35:27+00:00,17
feng626,1,4,7,2024-04-16 14:55:34+00:00,2024-04-16 14:55:34+00:00,11
fit2cloud-chenyw,1,1,1,2024-04-15 06:42:57+00:00,2024-04-15 06:42:57+00:00,2
guanguangpeng,1,6,3,2024-10-09 06:07:17+00:00,2024-10-09 06:07:17+00:00,9
guoyuqi,1,1,1,2024-04-15 07:24:42+00:00,2024-04-15 07:24:42+00:00,2
helix.song,1,3,2,2024-04-23 10:29:54+00:00,2024-04-23 10:29:54+00:00,5
justin0u0,1,1,1,2025-08-15 08:03:23+00:00,2025-08-15 08:03:23+00:00,2
limin,1,1,0,2025-02-10 10:11:26+00:00,2025-02-10 10:11:26+00:00,1
莫鹍,1,1,0,2025-02-10 09:33:40+00:00,2025-02-10 09:33:40+00:00,1
